<?xml version="1.0" encoding="UTF-8"?>

<configuration debug="true">
	<property resource="application.properties" />

	<appender name="EXCEPTION_LOGGER"
		class="ch.qos.logback.core.rolling.RollingFileAppender"
		discardingThreshold="0">
		<filter class="com.nets.cashout.logger.LoggerExceptionFilter" />
		<file>${log.path}/exception.log</file>
		<encoder
			class="ch.qos.logback.classic.encoder.PatternLayoutEncoder">
			<Pattern>%d{dd-MM-yyyy HH:mm:ss.SSS} [%thread] %-5level
				%logger{36}.%M - %msg%n</Pattern>
		</encoder>

		<rollingPolicy
			class="ch.qos.logback.core.rolling.SizeAndTimeBasedRollingPolicy">
			<fileNamePattern>${log.retention.path}/exception_%d{yyyyMMdd}_%i.log</fileNamePattern>
			<maxFileSize>${log.file.max.size}</maxFileSize>
			<maxHistory>${log.retention.period}</maxHistory>
			<totalSizeCap>${log.retention.size}</totalSizeCap>
		</rollingPolicy>
	</appender>

	<appender name="APPLICATION_LOGGER"
		class="ch.qos.logback.core.rolling.RollingFileAppender"
		discardingThreshold="0">
		<filter
			class="com.nets.cashout.logger.LoggerNonExceptionFilter" />
		<file>${log.path}/application.log</file>
		<encoder
			class="ch.qos.logback.classic.encoder.PatternLayoutEncoder">
			<Pattern>%d{dd-MM-yyyy HH:mm:ss.SSS} [%thread] %-5level
				%logger{36}.%M - %msg%n</Pattern>
		</encoder>

		<rollingPolicy
			class="ch.qos.logback.core.rolling.SizeAndTimeBasedRollingPolicy">
			<fileNamePattern>${log.retention.path}/application_%d{yyyyMMdd}_%i.log</fileNamePattern>
			<maxFileSize>${log.file.max.size}</maxFileSize>
			<maxHistory>${log.retention.period}</maxHistory>
			<totalSizeCap>${log.retention.size}</totalSizeCap>
		</rollingPolicy>
	</appender>

	<root level="${log.level}" additivity="false">
		<appender-ref ref="EXCEPTION_LOGGER" />
		<appender-ref ref="APPLICATION_LOGGER" />
	</root>

	<Logger name="com.zaxxer" level="warn" />
	<Logger name="org.hibernate" level="warn" />
	<Logger name="org.apache" level="warn" />
	<Logger name="org.springframework" level="warn" />
	<Logger name="org.springframework.integration" level="warn" />
	<Logger name="org.springframework.integration.ws" level="warn" />
	<Logger
		name="org.springframework.integration.handler.LoggingHandler"
		level="warn" />
</configuration>